word,text
삼성,"삼성家, 전자 지분 1조3천억'블록딜'"
삼성,삼성증권 '美주식 주간거래' 한달만에 5000억 돌파
삼성,"삼성물산, 삼성전자와 8406억원 규모 평택사업장 공사 수주"
삼성,"삼성증권, 美주식 주간 거래 서비스 인기…한달새 5000억 돌파"
삼성,삼성전자 '6만전자'로 전락…12조 상속세 때문에 1조 넘게 블록딜 처분
삼성,"코스피, 美 증시 따라 하락 마감…삼성전자 6만원대 추락"
삼성,"삼성家, 삼성전자 지분 1.3조원 블록딜"
삼성,"""서학개미 분주하다""…삼성증권 美 주식 거래액 5000억 돌파"
삼성,"삼성전자, 오너 일가 '블록딜' 여파… 다시 '6만 전자'로"
삼성,"삼성家, 삼성전자 지분 1.3조원 블록딜…상속세 마련 추정(종합2보)"
삼성,"대한민국 상속세 얼마나 가혹하길래…홍라희, 삼성전자 지분 1조3000억 매각"
삼성,삼성증권 美 주식 주간거래 흥행…한 달 만에 거래액 5000억원 돌파
삼성,"라이트론, 삼성전자와 20억원 규모 광모듈 공급계약"
삼성,"[특징주] 삼성전자, 블록딜 소식에 '6만 전자'로 털썩"
삼성,"라이트론, 삼성전자와 21억 규모 공급계약 체결"
삼성,삼성證 ‘美주식 주간거래’ 5000억 돌파
삼성,"[특징주] 삼성전자, 블록딜 소식에 약세…'6만전자'"
삼성,"삼성·두산 오너 일가, 보유 지분 블록딜 처분 나서"
삼성,"삼성證, 美주식 주간 거래대금 5000억…서비스 한달만에 돌파"
삼성,삼성家 블록딜로 1조3720억원 확보… ‘육만전자’ 횡보
삼성,"삼성자산운용, 미국 대표 지수 추종 ETF 2종 순자산 7000억↑"
삼성,"삼성家, 삼성전자 지분 1.3조원 블록딜…상속세 마련 추정(종합)"
삼성,"[특징주]삼성전자, 지분 블록딜에 외국인 '팔자' 겹악재…7만원선 하회"
삼성,"[종목이슈] 바이옵트로, 삼성전기 1.3조 투자 수혜株 '주목'"
삼성,"삼성전자, 오너가 블록딜에 '6만전자' 후퇴"
삼성,"삼성증권, 미국주식 주간 거래 한달 만에 거래액 5천억 돌파"
삼성,"신한금투 ""삼성전자, 금리 상승에 목표가↓…최대 실적 전망"""
삼성,"삼성자산운용, 미국 S&P·나스닥 ETF 순자산 7000억 돌파"
삼성,삼성전자 대주주 지분 1.3조 규모 블록딜‥상속세 납부 재원마련(종합)
삼성,"삼성전자, 이틀만에 장중 7만원선 무너져"
삼성,"삼성家, 고 이건희 회장 상속세 납부위해 삼성전자·SDS 지분 매각"
삼성,"삼성 오너 일가, 삼성전자 지분 1조3천700여억원 블록딜"
삼성,"""삼성SDS 주주는 웁니다""…오너家 블록딜 폭탄 언제 끝나나"
삼성,"[fn마켓워치] 홍라희 前 리움관장, 삼성전자 보유지분 0.33% 블록딜 매각"
삼성,"삼성자산, 미국S&P500 TR & 미국나스닥100 TR 총 순자산 7000억 돌파"
삼성,"삼성증권 ""미국 주식 주간 거래 서비스, 누적 5000억원 돌파"""
삼성,"삼성증권 미국 주식 낮 거래 서비스, 거래금액 5천억원 돌파"
삼성,"삼성전자, 1.3兆 블록딜 여파…약보합 출발"
삼성,"삼성자산운용, '美 S&P·나스닥TR' ETF 순자산 7000억 돌파"
삼성,"[특징주] 대창솔루션, 삼성 세계최초 반도체 온실가스 감축 선언..액화암모니아 수송탱크 승인↑"
삼성,1.3조원 규모 삼성전자 지분 블록딜‥홍라희 지분 0.33%
삼성,"삼성증권, 미국주식 주간거래 한 달 만에 5000억 돌파"
삼성,"삼성證 ‘美주식 주간거래’, 한 달 만에 5000억 돌파"
삼성,"""낮개미 시대""…삼성증권 미국주식 주간거래 한달만에 5천억 돌파"
삼성,"삼성전자, 장초반 '약세' 6만9900원…전날 블록딜 영향"
삼성,"[특징주] 삼성전자, 블록딜 소식에 '약세'"
삼성,"삼성자산운용, 미국S&P500 TR·미국나스닥100 TR 순자산 7000억원 돌파"
삼성,"신한금투 “부진한 삼성전자 주가, 우려 대부분 반영”…목표주가는 내려"
삼성,"삼성證 미국주식 주간 거래, 한달 만에 거래액 5000억원 돌파"
삼성,"삼성운용 ""'배당 재투자' 미국 지수 ETF 합계 순자산 7천억원"""
삼성,"""삼성SDI 원자재 가격 상승 리스크 크지 않아"""
삼성,"""삼성전자, 1분기 예상 영업익 12.8조…2분기부터 개선""-현대차證"
삼성,"삼성증권, 미국주식 주간거래 5000억 돌파"
삼성,"CJ CGV, 영화업 보릿고개에 재무 부담 숙제까지…목표가↓-삼성"
삼성,"상속세 내려고…홍라희, 삼성전자 지분 1조3000억 매각[시그널]"
삼성,"삼성자산운용, 'KODEX 미국S&P·나스닥TR' ETF 순자산 7000억 돌파"
삼성,"신한금투 “삼성전자, 우려 대부분 주가에 반영…올해 사상 최대 실적 경신할 것”"
삼성,"신한금투 ""삼성전자 주가, GOS 사태·우크라 전쟁 등 우려 대부분 반영"""
삼성,"삼성전자, 우크라 사태로 IT 수요 훼손 우려…목표가 8%↓-신한"
삼성,"삼성SDI, 주가는 빠졌지만 업황은 견조하다-NH"
삼성,"NH證 ""삼성SDI, 주가만 빠졌을 뿐 업황은 견조"""
삼성,[클릭 e종목]삼성전자 우려 주가에 반영됐지만…목표주가 하향·매수 유지
삼성,"신한금투 ""삼성전자 GOS 아쉬워…주가 우려 대부분 반영"""
삼성,"신한금투 ""삼성전자, 주가 우려 대부분 반영"""
삼성,"삼성SDI, 낮아진 눈높이 넘을 양호한 실적 기대-NH"
삼성,"[클릭 e종목] ""삼성SDI, 상반기 실적 양호…하반기 물량 증가 국면 진입"
삼성,"삼성전자, 주가에 우려 대부분 반영…'매수' 유지-신한證"
삼성,"삼성전자, 주가 부진은 비메모리 우려 반영…목표가↓-신한"
삼성,"""삼성중공업, 러시아 영향만 넘기면 본격 회복…목표가↓""-대신"
삼성,"삼성전자, GOS 사태 후 기대감 낮아진 것 아쉬워-신한"
삼성,"[단독] 삼성전자 온실가스 감축 종합 목표, 처음 내놓는다"
안랩,"""JP모간이 단타했나""…안랩 뒤늦게 투자한 개미들 '좌불안석'"
안랩,"JP모건, '급등' 안랩 46만주 처분…3거래일만에 108억원 차익(종합)"
안랩,'안랩 단타'로 3일만에 100억 벌고 나간 JP모간…개미 '망연자실'
안랩,반나절만에 33% 폭락한 안랩 '악몽'…개미는 224억 줍줍(종합)
안랩,"JP모건, 안랩 주식 45.9만주 처분"
안랩,"JP모건, 안랩 46만주 처분…사흘 만에 108억 차익"
안랩,"최고가 찍고 -17% 추락…안랩, 공매도 공포도 커졌다"
안랩,"JP모건, 안랩 46만주 처분…3거래일만에 지분 5.38%→0.79%"
안랩,JP모건 “안랩 지분 5.38→0.79%”
안랩,안랩 주가 `롤러코스터'…최고가 찍고 17.5% '뚝'
안랩,[핫스탁]안랩·현대사료·오리콤(종합)
안랩,"[시황종합] 코스피, 낙폭 줄이며 2729선 마감…안랩 '수직낙하'"
안랩,"[특징주] 안랩, 최고가 찍고서 폭락…17%대 하락 마감(종합)"
안랩,‘롤러코스터 안랩’ 21만원까지 치솟다가 20% 급락 [증시이슈]
안랩,"외국인 1400억 베팅한 안랩, 최고가 찍고 급락…개미들 '비명'"
안랩,"[특징주]안랩, 사상 최고가 찍고 수직낙하…20% 급락"
안랩,천국과 지옥 오가는 안랩 주가… 尹 입만 쳐다보네
안랩,"외국인 1400억 베팅 안랩, 20만원 찍고 급락…짙어지는 공매도 그림자"
안랩,"안철수만 보고 뛰어든 개미들 어쩌나…롤러코스터 탄 안랩, 17% 급락 마감"
안랩,안철수 최대주주 '안랩' 오전 24% 급등에서 오후장엔 18% 급락
안랩,"[장중시황]코스피, 美 선물 상승에 낙폭 축소 2720선…안랩은 '추락'"
안랩,'120% 폭등' 안랩에 안철수 3000억 대 돈방석…지금 사도 될까?
안랩,"[장중시황]코스피, 반도체 대형주 하락에 2715선…안랩 '하락반전'"
안랩,"안랩, 신고가 찍고 하락 '반전'…변덕스러운 안철수株"
안랩,"'폭등' 안랩, 시총 2조 돌파…안철수 지분가치도 껑충 뛰었다"
안랩,‘안철수 총리설’ 돌자 10년 만에 역대 최고가…’안랩’ 20만원 터치
안랩,"안랩, 연일 '사상 최고가' 행진… 장중 시총 2조원 돌파"
안랩,[핫스탁]안랩·현대사료·오리콤
안랩,"[특징주]천장 뚫린 '안랩', 시총 2조도 돌파…사상 최고가 행진"
안랩,[특징주] 안랩 또 신고가…장 중 첫 20만원 돌파
안랩,외국인 투자가는 차기 국무총리로 안철수 예상?… 안랩 사상 첫 20만원 돌파
안랩,"[개장시황] 코스피, 0.65% 하락한 2717선…안랩은 20만원 돌파"
안랩,"[특징주] 안랩, 18%대 주가 급등…사상 최고가 재차 경신"
안랩,"[특징주] 안랩, 안철수 국무총리 후보 거론에 6거래일째 급등"
안랩,안철수 3700억 '돈방석'...난리 난 안랩 5일만에 119% '폭등'
안랩,"[특징주] 안랩, 이틀째 최고가 경신…첫 20만원 돌파"
안랩,"[특징주] 안랩, 장 초반부터 14% 급등…'20만원' 돌파"
안랩,"안랩 주가 역대 최고…안철수 지분 가치 3,270억"
안랩,[스타워즈] 이희철 다시 1위로… 안랩 효자노릇 '톡톡'
롯데,롯데푸드·제과 “합치길 잘했네”…시너지 기대에 주가 5%대 高高
롯데,"롯데제과·푸드 동반 상승…""합병 효과 시너지 기대감"""
롯데,[특징주] 롯데푸드‧롯데제과 합병 소식에…5%대 상승 마감
롯데,[특징주] 롯데제과·롯데푸드 합병에 양사 주가 5%대 상승(종합)
롯데,"""롯데칠성, 음료 주류 실적 성장 전망""…목표가 20만 5000원 유지"
롯데,"""초대형 식품기업 탄생""…롯데제과 롯데푸드 흡수 합병 소식에 나란히 강세"
롯데,"롯데제과-롯데푸드 합병 소식에 주가 강세 ""매출 합산액만 4조원"""
롯데,"롯데렌탈, 28일 기관투자자 대상 기업설명회"
롯데,[특징주]롯데제과·롯데푸드 합병에 주가 강세
롯데,[특징주] 롯데제과·롯데푸드 합병 소식에 주가 6%대 강세…하나금투 “시너지 기대”
롯데,[특징주] 롯데제과·롯데푸드 합병 소식에 동반 강세
롯데,"""태교 여행을 제주에서""…롯데호텔, '베이비문X밍크뮤' 패키지"
롯데,"[특징주] 롯데제과, 롯데푸드 합병에 장 초반 강세…6%대 상승"
롯데,[특징주] 롯데제과·롯데푸드 합병 결정에 동반 강세
롯데,[특징주] 롯데제과·롯데푸드 합병에 양사 주가 강세
롯데,"[특징주] 롯데제과, 롯데푸드와 합병 소식에 4%↑"
롯데,[특징주]롯데제과·푸드 합병 결정에 강세
롯데,"롯데백화점몰, '푸른 봄을 찾아서' 행사…골프·등산 제품 30% 할인"
롯데,"NH투자증권 “롯데렌탈, 1분기 실적 기대치 상회할 것…목표가 6만1000원 유지”"
롯데,"롯데칠성, 음료와 주류 모두 실적 성장 전망...'매수' 유지-NH證"
롯데,"롯데칠성, 1분기 시장 예상치 상회 전망-NH증권"
롯데,"롯데렌탈, 장기렌터카 수주 증가…성장스토리 긍정적 -NH"
롯데,"[클릭 e종목]""롯데칠성, 음료·주류 부문 모두 양호한 실적 기대"""
롯데,"롯데칠성, 1분기 어닝 서프라이즈 전망-NH"
롯데,"롯데칠성, 1Q 깜짝 실적 기대…곡물가 상승 영향도 없다-NH"
롯데,[클릭 e종목]롯데제과-롯데푸드 합병 시너지는…비용 절감·사업 강화
블록딜,"삼성家, 전자 지분 1조3천억'블록딜'"
블록딜,박용만 블록딜 두산 급락... 장남 관련 오리콤은 급등
블록딜,오너 일가 블록딜에 ‘삼전 개미’ 진땀 [3분 국내주식]
블록딜,삼성전자 '6만전자'로 전락…12조 상속세 때문에 1조 넘게 블록딜 처분
블록딜,외인·기관이 던진 물량 개미군단이 받았다…'블록딜' 삼전·두산 전망은?
블록딜,"삼성家, 삼성전자 지분 1.3조원 블록딜"
블록딜,"삼성전자, 오너 일가 '블록딜' 여파… 다시 '6만 전자'로"
블록딜,"삼성家, 삼성전자 지분 1.3조원 블록딜…상속세 마련 추정(종합2보)"
블록딜,[특징주] 박용만 일가 블록딜에 두산 5% 하락…오리콤은 상한가(종합)
블록딜,"박용만 일가, 보유 지분 전량 '블록딜'…두산, 6% 이상 ↓"
블록딜,"[특징주] 삼성전자, 블록딜 소식에 '6만 전자'로 털썩"
블록딜,"[특징주] 삼성전자, 블록딜 소식에 약세…'6만전자'"
블록딜,"두산, 박용만 3부자 보유 지분 7.84% 전량 블록딜"
블록딜,"삼성·두산 오너 일가, 보유 지분 블록딜 처분 나서"
블록딜,삼성家 블록딜로 1조3720억원 확보… ‘육만전자’ 횡보
블록딜,"""또, 또, 또 6만전자""…三電, 블록딜+美 부진에 7만원 무너져"
블록딜,"삼성家, 삼성전자 지분 1.3조원 블록딜…상속세 마련 추정(종합)"
블록딜,"[특징주]삼성전자, 지분 블록딜에 외국인 '팔자' 겹악재…7만원선 하회"
블록딜,[특징주] 박용만 3부자 블록딜에 두산 약세·오리콤 강세
블록딜,"삼성전자, 오너가 블록딜에 '6만전자' 후퇴"
블록딜,삼성전자 대주주 지분 1.3조 규모 블록딜‥상속세 납부 재원마련(종합)
블록딜,"삼성 오너 일가, 삼성전자 지분 1조3천700여억원 블록딜"
블록딜,"""삼성SDS 주주는 웁니다""…오너家 블록딜 폭탄 언제 끝나나"
블록딜,[특징주]박용만 일가 지분 블록딜 소식에 두산 급락…오리콤은 상한가
블록딜,"[fn마켓워치] 홍라희 前 리움관장, 삼성전자 보유지분 0.33% 블록딜 매각"
블록딜,박용만 일가 블록딜 소식에 두산 급락…오리콤은 ‘上’
블록딜,"박용만 일가 블록딜에 희비 엇갈려…두산 하락, 오리콤 상한가"
블록딜,"삼성전자, 1.3兆 블록딜 여파…약보합 출발"
블록딜,1.3조원 규모 삼성전자 지분 블록딜‥홍라희 지분 0.33%
블록딜,[특징주] 박용만 일가 블록딜 소식에 두산 하락·오리콤 상한가
블록딜,"삼성전자, 장초반 '약세' 6만9900원…전날 블록딜 영향"
블록딜,"[특징주] 삼성전자, 블록딜 소식에 '약세'"
두산,박용만 블록딜 두산 급락... 장남 관련 오리콤은 급등
두산,외인·기관이 던진 물량 개미군단이 받았다…'블록딜' 삼전·두산 전망은?
두산,[특징주] 박용만 일가 블록딜에 두산 5% 하락…오리콤은 상한가(종합)
두산,"박용만 일가, 보유 지분 전량 '블록딜'…두산, 6% 이상 ↓"
두산,"박용만 전 회장 삼부자, 두산 지분 전량 매도"
두산,"[특징주] 두산, 박용만 삼부자 주식 전량 매각에 급락… 7%↓"
두산,"박용만 삼부자, 두산 주식 전량 매각"
두산,"박용만 전 회장, 두산 주식 전량 매각…주가 8.55%↓"
두산,"박용만 삼부자, 두산 주식 전량 매각…그룹 완전 떠났다"
두산,"두산, 박용만 3부자 보유 지분 7.84% 전량 블록딜"
두산,"삼성·두산 오너 일가, 보유 지분 블록딜 처분 나서"
두산,[주식초고수는 지금] 尹 수혜 원전주 두산중공업·일진파워 나란히 매수 1·2위
두산,[특징주] 박용만 3부자 블록딜에 두산 약세·오리콤 강세
두산,"[fn마켓워치] 박용만 삼부자, 두산 보유지분 전량 매각 성공...할인율 -10.5%"
두산,"[특징주] 박용만 일가 주식 처분에 두산 5%↓…오리콤, 상한가"
두산,[특징주]박용만 일가 지분 블록딜 소식에 두산 급락…오리콤은 상한가
두산,[특징주]박용만 일가 지분 매각에 두산↓…오리콤은 상한가
두산,박용만 일가 블록딜 소식에 두산 급락…오리콤은 ‘上’
두산,"박용만 일가 블록딜에 희비 엇갈려…두산 하락, 오리콤 상한가"
두산,[특징주] 박용만 일가 블록딜 소식에 두산 하락·오리콤 상한가
두산,"원전 관심 ↑, 두산重·효성重 수혜 기대감-유안타證"
두산,"두산중공업, 원전 공약 최대 수혜…풍력사업도 성장-유안타"
두산,"[클릭 e종목]""두산밥캣, 올 1분기 양호한 실적흐름…성장에 주목"""
두산,"""두산중공업, 원자력 수요 부활 및 풍력 성장 수혜 기대""-유안타"
미래에셋,최현만 미래에셋증권 회장 연임 성공
미래에셋,최현만 미래에셋증권 회장 “주주환원정책 적극 펼칠 것”
미래에셋,최현만 미래에셋증권 회장 연임 확정
미래에셋,"미래에셋證, 배당·자사주 소각…3622억원 주주환원정책 나선다"
미래에셋,"최현만 미래에셋증권 회장, 6년 연속 대표이사 연임…주주환원 성향 30% 넘어"
미래에셋,"나이스디앤비, 미래에셋증권과 유동성 공급계약"
미래에셋,"'전문경영인 회장시대' 연 최현만, 미래에셋證 대표 연임 확정"
미래에셋,"미래에셋증권, 최현만 회장 6연임…""주주환원 더 적극적으로"""
미래에셋,"최현만 미래에셋증권 회장, 대표이사 연임 성공"
미래에셋,"미래에셋증권 18년 '깐부' 최현만 회장, 대표이사 연임"
미래에셋,"미래에셋증권, 최현만 회장 6년 연속 대표이사 연임 확정"
미래에셋,"미래에셋증권, 이만열 대표이사 신규 선임"
미래에셋,"미래에셋증권, 최현만 회장 연임 확정"
미래에셋,최현만 미래에셋證 회장 연임 또 성공…18년째 CEO 수행
미래에셋,"최현만 미래에셋증권 회장, 18년간 대표 맡는다…6연임 확정"
미래에셋,최현만 미래에셋증권 회장 6연임 성공...“적극적 주주환원 펼칠 것”
미래에셋,"최현만 미래에셋증권 회장, 6년 연속 대표이사 연임 확정"
미래에셋,"미래에셋證 정기주총, 최현만 회장 연임 확정"
미래에셋,"미래에셋증권, 최현만 회장 6년 연속 대표 연임 확정"
미래에셋,"미래에셋증권, 이만열 사장 대표이사 선임"
미래에셋,"미래에셋, 네이버 투자 이익 ‘쏠쏠’…지난해에만 2400억 벌었다"
박용만,박용만 블록딜 두산 급락... 장남 관련 오리콤은 급등
박용만,[특징주] 박용만 일가 블록딜에 두산 5% 하락…오리콤은 상한가(종합)
박용만,"박용만 일가, 보유 지분 전량 '블록딜'…두산, 6% 이상 ↓"
박용만,"박용만 전 회장 삼부자, 두산 지분 전량 매도"
박용만,"[특징주] 두산, 박용만 삼부자 주식 전량 매각에 급락… 7%↓"
박용만,"박용만 삼부자, 두산 주식 전량 매각"
박용만,"박용만 전 회장, 두산 주식 전량 매각…주가 8.55%↓"
박용만,"박용만 삼부자, 두산 주식 전량 매각…그룹 완전 떠났다"
박용만,"두산, 박용만 3부자 보유 지분 7.84% 전량 블록딜"
박용만,[특징주] 박용만 3부자 블록딜에 두산 약세·오리콤 강세
박용만,"[fn마켓워치] 박용만 삼부자, 두산 보유지분 전량 매각 성공...할인율 -10.5%"
박용만,"[특징주] 박용만 일가 주식 처분에 두산 5%↓…오리콤, 상한가"
박용만,[특징주]박용만 일가 지분 블록딜 소식에 두산 급락…오리콤은 상한가
박용만,[특징주]박용만 일가 지분 매각에 두산↓…오리콤은 상한가
박용만,박용만 일가 블록딜 소식에 두산 급락…오리콤은 ‘上’
박용만,"박용만 일가 블록딜에 희비 엇갈려…두산 하락, 오리콤 상한가"
박용만,[특징주] 박용만 일가 블록딜 소식에 두산 하락·오리콤 상한가
최현,최현만 미래에셋증권 회장 연임 성공
최현,최현만 미래에셋증권 회장 “주주환원정책 적극 펼칠 것”
최현,최현만 미래에셋증권 회장 연임 확정
최현,"최현만 미래에셋증권 회장, 6년 연속 대표이사 연임…주주환원 성향 30% 넘어"
최현,"'전문경영인 회장시대' 연 최현만, 미래에셋證 대표 연임 확정"
최현,"미래에셋증권, 최현만 회장 6연임…""주주환원 더 적극적으로"""
최현,"최현만 미래에셋증권 회장, 대표이사 연임 성공"
최현,"미래에셋증권 18년 '깐부' 최현만 회장, 대표이사 연임"
최현,"미래에셋증권, 최현만 회장 6년 연속 대표이사 연임 확정"
최현,"미래에셋증권, 최현만 회장 연임 확정"
최현,최현만 미래에셋證 회장 연임 또 성공…18년째 CEO 수행
최현,"최현만 미래에셋증권 회장, 18년간 대표 맡는다…6연임 확정"
최현,최현만 미래에셋증권 회장 6연임 성공...“적극적 주주환원 펼칠 것”
최현,"최현만 미래에셋증권 회장, 6년 연속 대표이사 연임 확정"
최현,"미래에셋證 정기주총, 최현만 회장 연임 확정"
최현,"미래에셋증권, 최현만 회장 6년 연속 대표 연임 확정"
푸드,롯데푸드·제과 “합치길 잘했네”…시너지 기대에 주가 5%대 高高
푸드,"롯데제과·푸드 동반 상승…""합병 효과 시너지 기대감"""
푸드,[특징주] 롯데푸드‧롯데제과 합병 소식에…5%대 상승 마감
푸드,[특징주] 롯데제과·롯데푸드 합병에 양사 주가 5%대 상승(종합)
푸드,"""초대형 식품기업 탄생""…롯데제과 롯데푸드 흡수 합병 소식에 나란히 강세"
푸드,"롯데제과-롯데푸드 합병 소식에 주가 강세 ""매출 합산액만 4조원"""
푸드,[특징주]롯데제과·롯데푸드 합병에 주가 강세
푸드,[특징주] 롯데제과·롯데푸드 합병 소식에 주가 6%대 강세…하나금투 “시너지 기대”
푸드,[특징주] 롯데제과·롯데푸드 합병 소식에 동반 강세
푸드,"ESG 푸드테크 혁신기업 '인크레더블' 산하 브랜드 '그라놀로지', 업계 최초 기술평가 우수기업 인증 획득"
푸드,"[특징주] 롯데제과, 롯데푸드 합병에 장 초반 강세…6%대 상승"
푸드,[특징주] 롯데제과·롯데푸드 합병 결정에 동반 강세
푸드,[특징주] 롯데제과·롯데푸드 합병에 양사 주가 강세
푸드,"[특징주] 롯데제과, 롯데푸드와 합병 소식에 4%↑"
푸드,[특징주]롯데제과·푸드 합병 결정에 강세
푸드,[클릭 e종목]롯데제과-롯데푸드 합병 시너지는…비용 절감·사업 강화
제과,롯데푸드·제과 “합치길 잘했네”…시너지 기대에 주가 5%대 高高
제과,"롯데제과·푸드 동반 상승…""합병 효과 시너지 기대감"""
제과,[특징주] 롯데푸드‧롯데제과 합병 소식에…5%대 상승 마감
제과,[특징주] 롯데제과·롯데푸드 합병에 양사 주가 5%대 상승(종합)
제과,"""초대형 식품기업 탄생""…롯데제과 롯데푸드 흡수 합병 소식에 나란히 강세"
제과,"롯데제과-롯데푸드 합병 소식에 주가 강세 ""매출 합산액만 4조원"""
제과,[특징주]롯데제과·롯데푸드 합병에 주가 강세
제과,[특징주] 롯데제과·롯데푸드 합병 소식에 주가 6%대 강세…하나금투 “시너지 기대”
제과,[특징주] 롯데제과·롯데푸드 합병 소식에 동반 강세
제과,"[특징주] 롯데제과, 롯데푸드 합병에 장 초반 강세…6%대 상승"
제과,[특징주] 롯데제과·롯데푸드 합병 결정에 동반 강세
제과,[특징주] 롯데제과·롯데푸드 합병에 양사 주가 강세
제과,"[특징주] 롯데제과, 롯데푸드와 합병 소식에 4%↑"
제과,[특징주]롯데제과·푸드 합병 결정에 강세
제과,[클릭 e종목]롯데제과-롯데푸드 합병 시너지는…비용 절감·사업 강화
