word,stock
삼성,한화
안랩,안랩
에디슨,쌍용차
총리,휴맥스홀딩스
안철수,써니전자
현대,현대중공업
쌍용차,쌍용차
카카오,카카오
고사,웰바이오텍
경보,SHD
만주,APS홀딩스
현대차,현대차
테슬라,삼화콘덴서
스트,게임빌
빌보드,대원미디어
비트코인,배럴
두산,두산
메리,우리금융지주
츠,뉴트리
한화,한화
평화,코나아이
전기차,현대차
사칭,더블유게임즈
반도체,삼성전자
버스,엔피
골프,골프존
댓,헝셩그룹
마이크론,원익IPS
원대,엠투엔
노미,지엔씨에너지
리츠,코람코에너지리츠
영업정지,HDC현대산업개발
베셀,베셀
백신,아이진
쉴더스,SK
애플,LG전자
모바일,아이씨케이
사명,천랩
개점,한글과컴퓨터
키즈,대원미디어
레이키,게임빌
유튜브,한국경제TV
열혈강호,룽투코리아
카이,엔에스
노스,베셀
메드,엘앤케이바이오
배터리,삼성SDI
엔시,디티알오토모티브
시스,셀리버리
장단,코리아에스이
아시아,신흥
하이닉스,엑시콘
임플란트,덴티움
론칭,룽투코리아
스턴,원익
회계사,에스디생명공학
롯데,현대백화점
한국전력,한국전력
인수위,삼일기업공사
엔솔,LX세미콘
이창용,동화약품
호반,한진중공업
폴라리스,동일철강
쉬핑,동일철강
기아,기아
강보,천보
유앤아이,유앤아이
한신,한국기업평가
플랜,베셀
워,뉴트리
종식,현대바이오
등기,좋은사람들
게임,카카오게임즈
미래에셋,OCI
유플러스,신대양제지
라씨,로보로보
넥스,대원
틴,뉴트리
코퍼레이션,키이스트
엄정,신흥에스이씨
크래프톤,크래프톤
시드,SV인베스트먼트
사료,미래생명자원
한전,한국전력
토스,세틀뱅크
보류,코오롱티슈진
이익상,디지캡
이브이,삼기
토탈,티라유텍
경동제약,경동제약
김경훈,아모그린텍
천억,SK하이닉스
스퀘어,갤럭시아머니트리
지수선물,천보
더블유,아이텍
오름,예스24
칼,천랩
회서,지누스
유안,팬오션
세원,세원
퍼블리싱,조이시티
엔씨,애드바이오텍
체외,젠큐릭스
최우수,삼일
렉스,크리스탈지노믹스
양도소득세,드림씨아이에스
대행,한국전자인증
갤럭시,재영솔루텍
숨,HDC현대산업개발
고수,힘스
넥스트,대원미디어
팜텍,현진소재
제자리걸음,상신브레이크
한전기술,한전기술
데이타,테라사이언스
칠성,멀티캠퍼스
음료,오리온
권유,디아이
불발,대우조선해양
네덜란드,엔에스
마스,한미글로벌
최선호,F&F
연료비,삼표시멘트
기우,세아제강지주
상보,상보
백,유진투자증권
브로드밴드,SK
머스크,KEC
상속세,모비스
블록딜,APS홀딩스
아슬아슬,비올
베트남,LS전선아시아
월부,테스
엘,엔에스
이천,비에이치아이
깜짝,BGF
눈높이,LG생활건강
갈림길,인바디
시동,액션스퀘어
세진,한글과컴퓨터
쑥,HMM
뭉칫돈,현대로템
메타,덱스터
발동,멜파스
영구,현대로템
셀트리온,셀트리온
어비스,키이스트
암,EG
엔터,에스엠
이지수,세아제강지주
코인,위메이드
빅텍,빅텍
게시판,SNK
기각,디지캡
안착,선진
노반,셀리버리
핫스탁,일진하이솔루스
조명,알에프세미
총장,한글과컴퓨터
한진,한진
국채선물,리노공업
심혈,한국자산신탁
스팟,현대건설기계
드림,방림
아이폰,삼화콘덴서
개척,선진
티엘아이,티엘아이
비엔,라이프시맨틱스
담대,남해화학
액면,SK바이오사이언스
조심,세하
펀,IBKS제15호스팩
앤비,에스엘
오리,덱스터
콤,미래컴퍼니
쟁탈전,예스24
어워즈,씨티케이
대유,대유
천재,비피도
스프,아이텍
고공,미래생명자원
변신,덱스터
이랜드,게임빌
오스,캠시스
파킨슨병,크리스탈지노믹스
웨이퍼,재영솔루텍
대리,남양유업
대선,이스타코
썸,한글과컴퓨터
재선,RF머트리얼즈
일로,코오롱티슈진
여성,남성
유보,명성티엔에스
벨,미래컴퍼니
록스,위지윅스튜디오
생활용품,사조씨푸드
원전,우진
주류,하이트진로
아람,넥스트사이언스
반려동물,이글벳
아티스트,대원미디어
게임스톱,안랩
락,DB손해보험
프레스티지,제닉
대현,대현
산불,서희건설
기탁,인탑스
형제,에코프로
당선인,이스타코
새정부,이스타코
금융가,애니플러스
신사,이더블유케이
딜링룸,시큐센
모니터,삼화콘덴서
비명,한국경제TV
장초,NE능률
이마트,이마트
메리츠화재,메리츠화재
글로비스,모비스
아프리카,켐트로닉스
농심,농심
비적정,세하
우주,비엠티
후보자,경남스틸
로보,미래컴퍼니
밸런스,녹십자웰빙
일자,디지캡
대마,브릿지바이오테라퓨틱스
합법,선진
알츠하이머,EG
큐어,크리스탈지노믹스
오미주,한국경제TV
골재,네패스
부활,이엠텍
봉착,우진비앤지
연중,SK아이이테크놀로지
큐리,예스코홀딩스
성동,한국테크놀로지
유예,DSR
질서,선진
탐사,JTC
미션,파수
날벼락,오스템
프리즘,대양제지
서진,지니언스
노터스,노터스
에이치엘비,에이치엘비
컨츠,엠플러스
세계보건기구,에스티큐브
풍토병,KPX생명과학
취급,DSR
아치,SK아이이테크놀로지
운,코리아나
어담,HMM
았,경인전자
로드맵,우리넷
동장,차백신연구소
꿋꿋,롯데정밀화학
도요타,기아
소니,모다이노칩
구본준,LX홀딩스
본능,현대코퍼레이션
십,에이루트
유병규,도화엔지니어링
광폭,멀티캠퍼스
엔데믹,현대바이오
삼전,POSCO
영토,디와이피엔에프
희비,NE능률
할머니,성문전자
입맛,KPX생명과학
얼,에스엠
잭팟,레몬
기물,LS네트웍스
밤,한국경제TV
물꼬,에스와이
해태,빙그레
광주,HDC현대산업개발
공장장,비피도
포커스,에이디엠코리아
어도비,LG전자
곡물,미래생명자원
껑충,슈프리마에이치큐
저격,DMS
한경,DB
바클레이즈,이스트아시아홀딩스
포티,갤럭시아머니트리
이수만,한글과컴퓨터
프로듀서,한글과컴퓨터
코넥스,애드바이오텍
신정호,RF머트리얼즈
하나투어,하나투어
안해,대창단조
간편,세틀뱅크
헬스,네오펙트
메모,한국경제TV
구인,알에프세미
신용거래,선바이오
공언,BYC
바사,SK
연상,아이오케이
양수,차바이오텍
성사,대유
삼양,큐로
이영준,국보디자인
액션,액션스퀘어
앤빌,액션스퀘어
린지,골프존
모드,씨앗
지코,지코
심층,미래산업
훈풍,대성에너지
연세,파미셀
오리진,제닉
회의장,에이팩트
뱅킹,갤럭시아머니트리
레터,큐캐피탈
제약,레고켐바이오
보톡스,현대바이오랜드
빵,웰바이오텍
굴리,OCI
스트리밍,디어유
유류,중앙에너비스
레깅스,솔루에타
젝시,브랜드엑스코퍼레이션
트래블,갤럭시아머니트리
장벽,셀루메드
원선,HDC현대산업개발
깜깜,케이프
악조건,GKL
브레이크,이엔플러스
미스,잉글우드랩
황종,프로스테믹스
공구,오리엔트정공
개량,EG
예대율,디지털대성
조인,코오롱인더
천슬,상보
엔터프라이즈,에스엠
앤코,남양유업
쌍용,알루코
컨티뉴,AK홀딩스
래일,오리콤
아이비,에스엘
김영,세아제강지주
대만,한빛소프트
존폐,휴온스블러썸
닛케이지수,신세계건설
대도시,신진에스엠
김동훈,엠케이전자
대세,캐리소프트
동화약품,동화약품
한종,퍼스텍
유준,대웅
투게더,키이스트
신시,우성
미제,한국특강
스톱,아바코
수로,코리아나
호스,엔에스
지원기,코리아에스이
운명,코오롱티슈진
매칭,원티드랩
춘천,영흥
선포,대봉엘에스
박정,MH에탄올
눈물,삼성출판사
박종욱,유니슨
브이아이,한화
스팩,신영스팩5호
정보통,미래산업
식음,미래산업
과반,남성
표심,라온피플
네오,아이엘사이언스
뚝,엔씨소프트
박용만,오리콤
남성,남성
도급계약,슈프리마
판매업,엔브이에이치코리아
가천대,메디앙스
보육,비트컴퓨터
성남,방림
흥원,브릿지바이오테라퓨틱스
거점,핌스
네트워킹,에이루트
데이,뉴트리
꿩,스타플렉스
후불,에이티넘인베스트
참전,한창
갤러리아,이글벳
가세,한섬
금값,배럴
콘솔,액션스퀘어
글로벌화,세아제강지주
다집,이루온
브레인,SBI인베스트먼트
돌연,이트론
사수,제주맥주
계사,스타플렉스
하자,상보
수원지방법원,디지캡
판사,신도리코
잇츠한불,잇츠한불
베,인콘
구원투수,아톤
한솔,한국토지신탁
로지,웰크론한텍
스틱스,웰크론한텍
동방,동방
학동,방림
마약,퓨쳐켐
외국환,SG세계물산
하이마트,포인트엔지니어링
쏜다,삼성물산
천하,영풍
트론,웰크론한텍
이월드,이월드
해상도,미래컴퍼니
비디오,덱스터
당하,테라셈
던,비덴트
얼굴,미래컴퍼니
화색,서암기계공업
경영인,비츠로셀
울상,대한제당
컬,네오펙트
아이피,웰크론한텍
신라,시큐브
코오롱,코오롱
티슈,브릿지바이오테라퓨틱스
묶인,오픈베이스
출격,풀무원
한양,동부건설
장밋빛,세하
로킷헬스,대원미디어
수출입은행,지역난방공사
국보,국보
엠씨,아이텍
봉,한신공영
사단,쿠콘
반려,팜스코
프라,한미글로벌
가설,선진
시공사,DL이앤씨
리더십,SG
스포츠카,게임빌
감성,미래산업
사모펀드,큐캐피탈
식초,DI동일
일동제약,일동제약
천당,메디앙스
지옥,액션스퀘어
비티,하이즈항공
냄새,환인제약
불매운동,신세계
단타,한국선재
족,한국캐피탈
대박,자이언트스텝
이시스,인콘
최수연,한글과컴퓨터
국세,드림시큐리티
컴,딜리
만도,만도
충남,서희건설
장르,조이시티
서현,인탑스
무궁화,한국캐피탈
대구,방림
중기,샘코
루블,선진
화로,슈피겐코리아
벤처캐피탈,TS인베스트먼트
협회장,엠케이전자
제언,바이브컴퍼니
동부,디와이파워
비디아이,비디아이
스카이,드래곤플라이
종사,동화기업
기한,디지캡
급변,선진
인베,대성창투
저스트,지코
절,에이치피오
한정판,버킷스튜디오
기후변화,SG
소울,예스코홀딩스
무상,이오플로우
천정,한라
폭풍,유아이엘
수협,BNK금융지주
정기예금,DB손해보험
동물병원,이글벳
석권,대원미디어
경사,코아스
호전,BGF
폭증,배럴
니트,KG모빌리언스
시제,소프트센
트로트,메디앙스
가수,한글과컴퓨터
맛,에이치피오
젤리,카스
발탁,진양홀딩스
김성훈,대웅
기승,코미팜
이주연,이루다
사무,한국캐피탈
각오,아이스크림에듀
집무실,신진에스엠
강북,멀티캠퍼스
도시재생,대신정보통신
아산,뉴인텍
파크,골프존
라이즈,아주IB투자
오브,디어유
스타즈,알비더블유
꿈틀,모다이노칩
대결,신도리코
지노,엠게임
바이옴,툴젠
출원,메디톡스
해외여행,강원랜드
신약,EG
토니모리,토니모리
샴푸,TS트릴리온
푸드,딜리
웰,유니크
패키징,노바텍
얼라이언스,한글과컴퓨터
름,텔레필드
멘붕,동진쎄미켐
동네,비트컴퓨터
하나은행,시큐센
성금,인탑스
차트,대현
위지윅,오로라
냉장,한솔로지스틱스
협,영림원소프트랩
력사,삼일
팁,엔케이맥스
포기,남양유업
타진,정산애강
알미늄,조일알미늄
삶,씨앗
원한,씨앗
동해안,서희건설
호평,휠라홀딩스
큐브,광진윈텍
순항,파마리서치
버,한국9호스팩
착시효과,씨앗
의류,화승엔터프라이즈
라보,세하
티라유텍,티라유텍
컬리,디어유
예수,우리바이오
대변인,YTN
아시아나,아시아나항공
반토막,크래프톤
타임,아이엠
리틀,웰크론한텍
챔피언,잉크테크
보툴,종근당바이오
유닛,크리스탈지노믹스
총상,단디바이오
선서,에스피시스템스
적분,세아베스틸
유통업,천보
초대,한글과컴퓨터
달새,엔씨소프트
등세,이엠텍
로또,미래에셋맵스리츠
뿔,솔루에타
겨냥,SBS
윤지,제우스
강하나,상상인증권
담,한미글로벌
스톤,아주IB투자
브릿지,아주IB투자
컨,갤럭시아머니트리
유니콘,아주IB투자
주의보,에스제이그룹
파인더,에스앤디
우상,이엠텍
한양대,한글과컴퓨터
과학기술원,지역난방공사
산학,인트로메딕
글랜,알비더블유
크레딧,맥쿼리인프라
직급,한국앤컴퍼니
불문,계룡건설
전지수,한국바이오젠
룰루,레몬
레몬,레몬
할인점,파라다이스
유진,상상인
고성,우성
현저,국동
필라델피아,러셀
연달,도부마스크
물살,대성에너지
대서,모두투어
새벽,한국경제TV
활짝,쇼박스
굿모닝,해성산업
증익,풍산
신간,솔루에타
동국제강,동국제강
강판,한온시스템
포켓몬빵,SPC삼립
착공,삼강엠앤티
과점,서울옥션
금강,네패스
공존,씨앗
봄바람,미래나노텍
카타르,서희건설
삼천리자전거,삼천리자전거
신영,신영증권
신성,우성
천장,EG
재송,디아이티
대상포진,메디앙스
키이우,코프라
군사작전,서남
우버,딜리
출근,애니플러스
꼭,씨앗
러브콜,SNK
윤석열,이스타코
공,인카금융서비스
대지,상보
승자,씨앗
실속,에이치피오
월스트리트,한국경제TV
홍라희,오리콤
여사,남성
형식,세영디앤씨
살얼음,디딤
템,드래곤플라이
횡령,오스템임플란트
슬,상보
전성,태양
니콜라,파인디지털
문답,코스온
데일,이스트아시아홀딩스
아랑곳,비올
린,대봉엘에스
대항,KEC
분매,소리바다
인컴,이리츠코크렙
증여,차바이오텍
신해,플리토
티어,트루윈
심포니,푸른기술
운동,남성
로빈후드,갤럭시아머니트리
저녁,한국경제TV
우세,세하
요금,DSR
언론사,WI
피치,이원컴포텍
번호,세틀뱅크
단기채,동화기업
화주,동아화성
예심,대신밸런스제7호스팩
금호,금호석유
